[
  {
    "title": "HTML",
    "imageSrc": "skills/html.png"
  },
  {
    "title": "CSS",
    "imageSrc": "skills/css.png"
  },
  {
    "title": "JavaScript",
    "imageSrc": "skills/javascript.png"
  },
  {
    "title": "React",
    "imageSrc": "skills/react.png"
  },
  {
    "title": "Node",
    "imageSrc": "skills/node.png"
  },
  {
    "title":"Firebase",
    "imageSrc":"skills/firebase.png"
  },
  {
    "title": "GraphQL",
    "imageSrc": "skills/graphql.png"
  },
  {
    "title": "MongoDB",
    "imageSrc": "skills/mongodb.png"
  },
  {
    "title": "Figma",
    "imageSrc": "skills/figma.png"
  }
]
